{
  "project_info": {
    "project_number": "397493010876",
    "project_id": "foodierco",
    "storage_bucket": "foodierco.appspot.com"
  },
  "client": [
    {
      "client_info": {
        "mobilesdk_app_id": "1:397493010876:android:42aa761ab0897e20ef2bb9",
        "android_client_info": {
          "package_name": "com.sanjana.foodiereco"
        }
      },
      "oauth_client": [
        {
          "client_id": "397493010876-1pt9e50aqbcon4t4po5h5mcpbk4uaop8.apps.googleusercontent.com",
          "client_type": 3
        }
      ],
      "api_key": [
        {
          "current_key": "AIzaSyAxSJMkRKZGAaDZdIpMpQ4O5-bZx1iQpQI"
        }
      ],
      "services": {
        "appinvite_service": {
          "other_platform_oauth_client": [
            {
              "client_id": "397493010876-1pt9e50aqbcon4t4po5h5mcpbk4uaop8.apps.googleusercontent.com",
              "client_type": 3
            }
          ]
        }
      }
    }
  ],
  "configuration_version": "1"
}